"id_notes_biblio","id_biblio","date_notes_biblio","id_redacteur","notes_biblio"
1,7001,2005-06-08,"HM","--- Une allergie aux vapeurs de végétaux est rare. Les auteurs citent 3 de leurs travaux où ils ont noté des réactions respiratoires avec la PdeT, la carotte et les haricots verts (ref 1 à 3). Un cas ici d'asthme avec le chou et le chou-fleur dans un cadr"
2,7002,2005-06-08,"HM","--- La gastro-entérite allergique à éosinophiles (GAE) est considérée partiellement IgE-dépendante.
--- Les auteurs ont étudié 113 sujets avec allergie LV (de 6 mois à 22 ans). Un TPODA a été fait chez 41. Tous ont des signes cutanés (DA ou urticaire) et"
3,7003,2005-06-08,"HM","--- Caractérisation de Der p11 à travers son recombinant dans E.coli. C’est une paramyosine de 103 kD qui a 89 % d’identité avec Der f11 et Blo t11. rDer est positif chez 78 % de sujets D.ptero+ et asthmatiques (Taïwan).
RDer p11 et rDer f11 s’inhibent m"
4,7011,2005-06-08,"HM","[pas d'intérêt]"
5,7012,2005-06-08,"HM","[pas d'intérêt allergologique]"
6,7017,2005-06-08,"HM","--- Les études corrélant l’intensité de l’asthme et le résultat du RAST pour les acariens sont contradictoires : Smart JM (JACI 110(02)450) sur un très long suivi de patients trouve que le RAST est mieux corrélé que le TC avec activité/rémission de l’asth"
7,7018,2005-06-08,"HM","--- Les auteurs ont comparé Der p2 et MD-2 (qui est impliquée dans la reconnaissance du LPS par TLR 4). Quelques différences font penser aux auteurs que MD-2 provient d’un ancêtre commun partagé avec Der p2 (superfamille de protéines liant des lipides).
"
8,7021,2005-06-08,"HM","[fig 3, 4 et 5 scannées -> FT]

--- Ara h 3 est une glycinine avec activité Bowman-Birk TI.
---  Env. 60 % d'identité entre beta-conglycinine (tout en omettant les 136AA N-terminaux d'Ara 1 absents de la beta-conglycinine, de la phaseoline, de Len c 1)"
9,7027,2005-06-08,"HM","--- Les auteurs ont testé une bibliothèque de cDNA de feuille de tabac avec le serum d’un sujet pollinique et allergique à divers aliments végétaux. Ils mettent en évidence la présence de villines IgE- réactives (62 et 58 kD).
--- Les villines sont des p"
10,7028,2005-06-08,"HM","--- Etude de 17 Japonais allergiques à Cryptomeria. En CAP, 13 sont positifs pour J. Ashei et nCry j 1 inhibe nJun a 1 (> 50 % chez la plupart des sujets) mais pas l'inverse (fig 2). Pour les auteurs, la RC entre Cry j 1et Jun a 1 est limitée à une partie"
11,7029,2005-06-08,"HM","--- Différents travaux anciens ont donné crédit à la notion de ""blocage"" de la dégranulation par saturation des récepteurs à IgE chez les sujets avec des taux très élevés d’IgE (polyclonaux chez des sujets parasités, monoclonaux en cas de myélome IgE).
-"
12,7036,2005-06-08,"HM","--- On trouve des hémocyanines (protéines avec Cu, transportant O2) parmi les arthropodes et les mollusques.
Chez les arthropodes, ce sont des hexamères (ou plus) d’unités de 75 kD. Ces protéines ont une faible identité séquentielle entre groupes (crusta"
13,7038,2005-06-08,"HM","--- Un cas d’allergie au couteau (Ensis macha, razor clam, Jacknife) chez une femme de 55 ans (Espagne) avec TC négatifs pour acariens, blattes, crustacés, autres mollusques. Idem in vitro. En blot Ensis macha donne plusieurs bandes dont 28, 31 et 40 kD."
14,7039,2005-06-08,"HM","--- [Il s’agit de la même cohorte que pour [6810]].
Les auteurs ont tenté d’améliorer la prédiction des IgE en rapportant les kU au résultat des IgE totales. Ils en concluent que cela n’apporte rien (les aires sous la courbe ROC sont égales, voire un peu"
15,7046,2005-07-08,"HM","[voir 7046.ppt en FT]"
16,7047,2005-07-08,"HM","[publié -> 7361]"
17,7048,2005-07-08,"HM","Caractérisation d’une thaumatine-like de 31 kD dans B.tropicalis qui est IgE-réactive chez 77 % de sujets B.trop+. Homologie 76 % avec une TLP d’Arabidopsis thaliana.
Cette TLP s’ajoute donc à celles relevées dans les plantes, chez des insectes, un némat"
18,7049,2005-07-08,"HM","--- Des critères d'exclusion: IgE >1000, multi-réactivité (>5 CAP+)
--- sur le chip VBC: des recombinants. Les auteurs ont comparé leur chip (somme des réponses des recomb) au CAP. Pas de différence entre les 2 tests pour bouleau (vs Bet v 1 + 2) ou pour"
19,7050,2005-07-08,"HM","¤¤¤
Essai in vitro et en TC d'un hybride Phl p 1/2/5/6 chez des polliniques graminées. Bons résultats."
20,7051,2005-07-08,"HM","--- Application de l'algorithme des Stadler aux séquences présentes dans Allergome
En décembre 2004: 69 motifs (dont 20 sans homologie séquentielle a priori) et sur 967 molécules dans Allergome 180 ne peuvent être rangées dans un des motifs.
En juin 200"
21,7052,2005-07-08,"HM","--- la LTP de fraise a 5 isoformes
--- 31 AA sont différents de Pru p 3 et 18 AA semblent spécifiques de la LTP de fraise (en comparaison avec les LTP des autres rosacées)
--- 34 polliniques bouleau avec OAS pêche/pomme et réactions à la fraise [4 confi"
22,7053,2005-07-08,"HM","--- Env 1,5% des enfants ont une APLV. A l'âge de 10 ans il en reste env 15%
--- l'épitope T dominant de l'alpha s1 caséine est en 133-156. Les épitopes T ne sont pas tous identiques aux épitopes B déjà décrits
--- une réponse T est vue avec les sujets "
23,7055,2005-07-08,"HM","--- essais de RNA silencing: ça marche pour la LTP (IgE-réactivité étant abolie et l'histamine-release très fortement réduite), sans altération apparente de la pousse de la plante. Par contre, le silencing complet de la profiline affecte la plante"
24,7056,2005-07-08,"HM","--- 60 sujets allergiques au latex [âge ?] (Autriche). Les ¾ présentent un ELISA+ pour rHev b 6.02. Des recombinants du domaine hévéine d’Hev b11, de Pers a 1 et de chitinase de banane sont ELISA+ à 52 %, 52 % et 45 %. Mais ces positivités sont nettement "
25,7057,2005-07-08,"HM","--- Epidémiologie de l'anphylaxie alimentaire des enfants australiens
162 cas confirmés (incidence 1,4/100 000); ratio garçons/filles = 1,6
--- 2 décès (1 arachide, 1 nut?); choc 9%
--- 65% at home; 68% 1ère réaction; exposition accidentelle (chez alle"
26,7058,2005-07-08,"HM","--- étude de 152 sujets sous antacide (anti-H2 ou inhib pompe protons) pendant 3 mois. Une augemenation de l'IgE-réactivité est vue chez 25% et une IgE-réactivité de novo chez 15%.
Des aliments se positivent sans pollinose associée (PdT, céleri, carotte,"
27,7059,2005-07-08,"HM","Spores of Cladosporium species contained a
concentration of allergens higher than mycelia"
28,7060,2005-07-08,"HM","--- Etude de divers groupes:
22 suisses TPODA+ cerise
122 allemands [dont des poll bouleau sûrement] et espagnols avec allergie à la cerise 
20 polliniques bouleau (sans allergie cerise)
23 contrôles
--- 96% des suisses et allemands sont rPru av 1+ ("
29,7061,2005-07-08,"HM","--- 86 adultes (>=15 ans) avec histoire de réaction au kiwi. Parmi eux 10 avec réaction sévère. Sur les 76 restants testés en TPODA, 15 sont placebo+
Avec les 61 TPODA valides (36% sont +) les auteurs comparent l'AUC des courbes ROC: le TC natif est légè"
30,7063,2005-07-08,"HM","--- description d'un cas d'anaphylaxie au venin d'hyménoptère: tous les tests (TC, CAP) sont négatifs pour l'abeille, vespula et polistes classiques. Le patient n'est positif que pour Polistes dominulus (en IDR mais pas en CAP). Les auteurs soulignent que"
31,7067,2005-07-08,"HM","[trop éloigné]"
32,7072,2005-07-08,"HM","--- En cas de double positivité (DP) abeille/guêpe, on peut rencontrer des IgE anti-CCD.
--- Les auteurs ont repris leurs dossiers de DP. Chez 146 sujets ils trouvent 38 cas sans CCD (CAP HRP négatif) et 108 CCD+ (dont 91 CAP latex+) [semblent avoir été "
33,7073,2005-07-08,"HM","[pharmacia]
---  Un CAP ""MUXF3"" est préparé à partir de glycopeptides [? Ou de glycanes] de broméline par protéolyse.
---  Divers CAP sont testés avant et après inhibition par ces glycopeptides : un sérum surtout positif en olivier est peu inhibé, tandi"
34,7086,2005-07-08,"HM","--- 56 polliniques platane [NB : le diagnostic était porté avec aussi TC+ extrait platane : donc impossible de dire si les allergènes purs sont meilleurs que les extraits] dont 16 mono-platane.
--- In vitro (EAST) nPla a 1 et nPla a 2 sont bien corrélés "
35,7087,2005-07-08,"HM","--- Cup a 1 est positif chez 82% des polliniques à C. arizonica.
--- Les auteurs ont testé un nCup a 1 et un rCup a 1 (dans E. coli) : les 2 ont une sensibilité > à l'extrait (97% et 100% vs 90%) avec la même spécificité (100%). Par contre in vitro (EAST"
36,7088,2005-07-08,"HM","--- Les auteurs ont étudié 132 polliniques bouleau et/ou graminées (Allemagne) [Age=?, certitude de la pollinose = ?]. Leurs CAP bouleau et fléole devaient être > 5 kU.
--- [Quel est l'apport des recombinants ?:
** fléole+ : rPhl p1/p5 est CAP+ chez 95/"
37,7092,2005-07-08,"HM","[titre affiché: Cladosporium herbarum ans Malassezia sp. allergen extracts share crossreacting carbohydrate parts]
[publié plus tard = 7861]"
38,7094,2005-07-08,"HM","--- Parmi 13 sujets sensibilisés [TC+ ?] au frêne, 12 sont Fra e 1+ en blot et 6 Fra e 2+. Les blots frêne effectués chez 40 sujets olivier+ donnent 24 Fra e 1+ (60 %) et 2 Fra e 2+. Parmi les 8 graminées+, les auteurs trouvent 4 Fra e 2+.
--- Un blot 2D"
39,7096,2005-07-08,"HM","--- Les auteurs repèrent en 2D de nombreux spots IgE réactifs dans le pollent de cryptomeria (31 spots de nature inconnue sont même plus forts que celui de Cry j 2). Un spot correspond à une chitinase classe 4. Cet allergène de 34 kD (CJP-4) est trouvé 10"
40,7103,2005-07-08,"HM","--- Isolement de Mag133 dans D.ptero (positif in vitro chez 68 % des D.ptero+, n = 19, Japon). C’est un membre de la famille UK114 (chaperone, et impliqué dans la régulation des ribonucléase et synthèse d’AA). PM = 16 kD."
41,7104,2005-07-08,"HM","[déjà présenté à San Antonio !! -> 6712]"
42,7105,2005-07-08,"HM","[correspond à 6957]"
43,7109,2005-07-08,"HM","[vérifier avec le FT pdf]
¤¤¤
--- 207 enfants asthmatiques (Allemagne) [et plutôt atopiques car en plus d’au moins 1 positivité indoor, 65 % sont CAP + graminées, autant pour D.pter/far, etc…]. CAP+ pour Penicillium chez 8 % et CAP+ Alternaria chez 17 %"
44,7112,2005-07-08,"HM","[publié plus tard = 8332]"
45,7115,2005-07-08,"HM","--- Les auteurs ont étudié un très large groupe d’enfants.
[Les conditions des TPO et le nombre exact des TPO faits/pas faits ne sont pas donnés. De même que d’autres critères comme l’âge moyen ou la DA pour les différents aliments]. Globalement l’étude "
46,7118,2005-07-08,"HM","[pas gënés les auteurs présentent la même chose un an après à l'EAACI de Vienne !]"
47,7119,2005-07-08,"HM","[??? Étude faite sur des sujets dont certains avaient une ""past history"" d'allergie aux crustacés : est-ce une ""histoire"" d'allergie ou une allergie guérie ??]"
48,7120,2005-07-08,"HM","--- Un enfant de 10 ans pollinique avec OAS connu (pêche, melon, pastèque, banane) fait un OAS avec des pickles (Espagne). Il est TC+ natif pour concombre, courgette, etc…
In vitro (Centaur [= ?]) il est trouvé > 100 kU pour une profiline, 7,8 pour Pru p"
49,7122,2005-07-08,"HM","--- Etude de la réactivité de différentes LTP chez 19 espagnols allergiques à la noisette (TPODA). Ces sujets sont aussi (TC+ et/ou TPODA+) : pêche 18, pomme 12, raisin 5, fraise 3, tournesol 3. Le maïs était toléré par tous les sujets.
--- Existe-t-il u"
50,7123,2005-07-08,"HM","--- Etude de 77 espagnols (Madrid) allergiques à la pomme (23 ans en moyenne) dont 39 % avec réactions systémiques. Pollinose chez 86 %). En RAST ces patients sont nMal d 3 > r Mal d 4 >> rMal d 2 > n Mal d 1. 
Les odd ratios pour une réaction locale son"
51,7124,2005-07-08,"HM","[résumé]. Un pool de sujets bouleau-pomme donne en blot différentes bandes de 9 à 48 kD. Une bande est plus fréquente (30-31 kD) qui présente une homologie avec l’hévamine. Une 17 kD a une homologie avec la famille MLP-Bet v 1."
52,7125,2005-07-08,"HM","--- 103 enfants (4-18 ans) avec pollinose bouleau (Allemagne + Suède). La réactivité CAP à divers recombinants alimentaires est étudiée [mais le diagnostic d'allergie alimentaire est invalide : reported by patients].
--- [Les auteurs présentent les kU : "
53,7127,2005-07-08,"HM","--- Etude 150 espagnols (Madrid) allergiques à la pêche (âge moyen 23 ans). Polliniques : 79 %. Réactions locales + systémiques : 24 %, locales seules 69 %, systémiques seules 7 %.
L’IgE-réactivité [RAST maison] est nPru p 3 69 %, rBet v 2 44 % et rBet v"
54,7129,2005-07-08,"HM","[publié plus tard = 7389]"
55,7130,2005-07-08,"HM","--- En SDS-PAGE la pulpe de tomate présente un profil beaucoup plus pauvre que la peau (cf fig 2) laquelle montre surtout une bande 9 kD [inversion ? Apparemment non: idem dans le texte]
--- Parmi des adultes (n = 236, Espagne) avec suspicion d’allergie "
56,7131,2005-07-08,"HM","--- Etude de 74 sujets avec histoire d’allergie à la tomate (39 Allemagne, 35 Espagne).
Un OAS est vu chez 32 des 39 allemands et 21 des 35 espagnols tandis qu’une réaction systémique est chez 7 et 14.
--- Les auteurs isolent Lyc e 3, LTP de la tomate ("
57,7132,2005-07-08,"HM","[publié plus tard = 7303]"
58,7133,2005-07-08,"HM","--- 19 sujets CAP+ latex et châtaigne [16 fois/19 les kU latex sont >]. [Pas de TPO]. La plupart des sujets réagissaient avec un OAS.
--- En CAP les positivités pour les recombinants sont : 10% Hev b 1, 32% Hev b 5, 58% Hev b 6.01, 21% Hev b 7, 21% Hev b"
59,7134,2005-07-08,"HM","--- 85 sujets [tous adultes ?] dont 39 HCW avec allergie [ ?] au latex (Allemagne) sont revus après 3,8 ± 1,9 années d’éviction du latex et des aliments-latex.
Avant éviction : 21 % sont kiwi+ in vitro [CAP ?], 34 % banane+ et 68 % condurango+. Après évi"
60,7135,2005-07-08,"HM","[publié plus tard = 7229]"
61,7136,2005-07-08,"HM","--- Un cas d’adulte poly-pollinique (Espagne) ayant présenté une allergie à l’ingestion d’un mélange de fruits. Il est TC+ natif pour le litchi et la date (mais aussi le latex, les pignons, la pistache, les graines de tournesol).
Des blots sont faits [ma"
62,7137,2005-07-08,"HM","--- Act c 1 est digérée en 1 h de digestion gastrique, mais ce résultat montre une résistance > à ce qui avait été dit précédemment. Act c 1 fait des agrégats à pH acide et cela ralentit la digestion.
--- Act c 2 résiste très bien à 2 h de digestion gast"
63,7138,2005-07-08,"HM","--- Les auteurs montrent 3 protéines (20,26 et 27 kD, probablement des isoformes) IgE réactives chez des sujets allergiques au kiwi (n =5, Serbie). Un pool de sérum de polliniques à l’armoise inhibe ces protéines, de même qu’un Ab anti-Art v1 [pas clair s"
64,7139,2005-07-08,"HM","¤¤¤
Un cas d'allergie au kiwi pour lequel les auteurs ont trouvé en blot une 30kD avec la peau mais pas avec la pulpe du kiwi."
65,7142,2005-07-08,"HM","--- 30 enfants (9 mois à 9 ans) avec challenge oral à la farine de blé [TPODA ? temps d’observation  = ?]. Les auteurs veulent souligner les différences en CAP entre réaction généralisée (n=10) et challenge négatif (n = 16). [En plaçant un cut off (n = 10"
66,7143,2005-07-08,"HM","--- 4 enfants avec CAP+ pollen de blé et farine de blé (mais sans allergie à la farine) ont eu une « CAP-inhibition » [originale : déplétion directe sur un 1er CAP, puis mesure sur le second CAP avec le sérum issu du 1er CAP]. Une déplétion de 50 % ou plu"
67,7146,2005-07-08,"HM","[= article 7522]"
68,7147,2005-07-08,"HM","[= article 7680]"
69,7154,2005-07-08,"HM","--- Les auteurs (Pharmacia entre autres) ont étudié l’amélioration du CAP noisette par adjonction de rCor a 1.04. Dans la plupart des cas, les résultats sont plus forts, parfois même positivés, après cette adjonction (n = 50 patients allemands et suisses)"
70,7155,2005-07-08,"HM","--- Etude réalisée dans le cadre de l’EPAAC Study. Plus de 2000 CAP arachide ont été faits chez ces enfants avec DA et risque familial. Un CAP+ est trouvé chez 25 %, sans différence entre enfants ayant de l’arachide dans leur alimentation [donc non allerg"
71,7157,2005-07-08,"HM","--- Blot 2D d’arachide (grillée) (n = 3 sujets allergiques à l’arachide). Les auteurs estiment que la réactivité, constante pour Ara h1, h2 et h6, n’est retrouvée que sous forme de fragments pour les 11 S.
[cf. figure]."
72,7158,2005-07-08,"HM","--- Les auteurs ont fractionné les conglutines d’arachide et montrent la présence d’Ara h 2, d’une nouvelle isoforme d’Ara h 6 et d’un « processed Ara h 6 » (fait d’Ara h 6 coupé et réassemblé en 2 chaînes). Ils montrent que la réactivité EAST (n = 20) et"
73,7163,2005-07-08,"HM","--- Etude de 22 adultes [proportion d’HCW = ?] (Suisse) avec CAP+ latex. Il y a plus souvent des CAP> 2 kU en cas de symptômes au contact du latex (7 sujets/10 contre 3/11).
--- S’agissant des réactions alimentaires (OAS) [aucune relation n’est notée ave"
74,7164,2005-07-08,"HM","[bof: utilisation d'un test ELISA Allergopharma]"
75,7165,2005-07-08,"HM","¤¤¤
--- Etude de la réactivité aux produits de la mer chez des personnels exposés (criée à Athènes). Un TC+ avec aussi un CAP+ marquait, pour les auteurs, une sensibilisation. 
36 % des employés étaient sensibilisés (contre 10 % dans un groupe contrôle)"
76,7170,2005-07-08,"HM","--- En CAP-inhibition, 11 baker’s sont comparés à 11 contrôles, tous étaient CAP+ graminées (Gx 1), farine de blé et farine de seigle : les graminées inhibent peu (2/11) la farine de blé ou pas la farine de seigle chez les baker’s, mais bien (10/11 et 10/"
77,7173,2005-07-08,"HM","--- Les auteurs ont testé l’inhalation de palmitate chez des souris pour détecter un effet adjuvant (lipophilicité). L’allergène est lui aussi aérosolisé (ovalbumine) avec ou sans alumine. Les auteurs observent une réponse Ig G1 et IgE avec ovalbumine + A"
78,7188,2005-07-08,"HM","[pas d'intérêt: tests faits sur des sujets sains]"
79,7189,2005-07-08,"HM","[La même étude a été poursuivie et présentée à l'AAAAI 2007.
En 2005 98 enfants, en 2007 269
Mais les proportions de >0,1 kU ont changé pour certains CAP:
* œuf : 6 mois 24% (puis 25%), 1an 28% (32), 2 ans 22% (27), 5 ans 67% (52) [bizarre l'absence d'"
80,7190,2005-07-08,"HM","--- 42 SB (Chili) dont 11 (26 %) avec allergie au latex et 40 % avec atopie. Les auteurs ont testé (soit commercial, soit natif) différents aliments : 14 ont [au moins] 1 TC+ aliment (dont 13 sont TC+ latex). La répartition montre des TC+ [classiques (avo"
81,7193,2005-07-08,"HM","¤¤¤
Les auteurs ont étudié 85 allergiques aux acariens (30 + - 10 ans)(Suisse ?): Ils trouvent 15 sujets CAP+ et 11 TC+ crevette. Un TPO ouvert (1 à 3 crevettes) est positif chez 9 (soit 10,6% de la cohorte) dont 5 avec réactions systémiques. Aucun n'ava"
82,7194,2005-07-08,"HM","--- Les auteurs (ALK) montrent que la relevance clinique des acariens de maison et de stockage (histamine release) varie d’un sujet à un autre et d’un pays à un autre (NL vs Espagne).
--- De plus la constitution d’Ab bloquants vis à vis de plusieurs acar"
83,7195,2005-07-08,"HM","[traite des difficultés à reconnaître la relevance clinque d'une réactivité aux acariens chez des sujets qui sont polliniques (l'évocation des pb saisonniers prédomine)]"
84,7197,2005-07-08,"HM","[strictement le même travail que celui de Miami [7745] !!!]"
85,7199,2005-07-08,"HM","¤¤¤
--- Un cas d’anaphylaxie alimentaire induite par l’effort (homme 21 ans, Italie) [Pas de TPODA+ exercice] : les réactions sont vues avec la banane et les noisettes [""toasted""] et le sujet est TC natif+ pour banane, noisette [idem], pomme, ainsi que T"
86,7200,2005-07-08,"HM","[positionnement d'épitopes sur Per a 3.01: pas clair]"
89,7204,2005-07-15,"HM","--- 1 cas d’allergie (OAS) à la grenade chez une femme de 24 ans (Italie) pollinique. TC+ grenade, et ± figue, carotte, mais pas mannitol. Il semble qu’il s’agisse d’une LTP (inhibition par Ab anti-Pru p3) [Cependant le blot très positif vers 8-10 kD pour"
90,7205,2005-07-15,"HM","[= 7539]"
91,7206,2005-07-15,"HM","--- Dans cette étude, le CAP latex est 100% en accord avec le TC Stallergènes [!]"
92,7211,2005-07-15,"HM","[bof]"
93,7212,2005-07-15,"HM","[analyse dans Alim'Inter nov 2005, p293]"
94,7216,2005-07-15,"HM","--- L’ALSPAC study (UK) a inclut des enfants qui sont suivis : à l’âge de 7 ans n = 6412 ont eu différents TC. Les réactivités les + fréquentes sont : mélange de graminées 8,5 %, D.ptero 7,8 %, chat 4,9 %, etc… et arachide 1,4 %, fruits à la coque 1 %.
P"
95,7217,2005-07-15,"HM","--- Selon les auteurs, environ 25% des sujets avec allergie alimentaire en Europe Centrale ont une allergie aux carottes (ref 5, en allemand).
--- Les sujets TPODA+ carotte sont sensibilisés à Dau c 1, Dau c 4 et à des CCD [2174]. Dans cette étude un TC "
96,7218,2005-07-15,"HM","[editorial présentant les 2 articles suivants: rien de particulier]"
99,7221,2005-07-22,"HM","¤¤¤
Der p 1 and Der f 1 have cysteine protease activity [11–15] . The cysteine protease activity of Der p 1 has been suggested to be involved in the pathogenesis of allergy [16] by facilitating a passage of their own and other
allergens across the epith"
100,7222,2005-07-22,"HM","--- Etude portant sur 27 sujets avec OAS orange (0,5 – 19 ans, Espagne) associé à d’aures réactions alimentaires. L’allergie pour l’orange était contrôlée par TPO ouvert et TC natif. Tous sauf un étaient polliniques (surtout graminées et olivier).
--- [L"
101,7223,2005-07-22,"HM","--- Etude de 51 italiens (non latex +, non bouleau +) TC+ LTP commerciaux pêche et prune (extrait quasi mono-LTP) : un TC+ commercial est trouvé chez 45 % pour le pois et 51 % pour le haricot. Ces sujets tolèrent tout à fait pois et haricot.
Les blots (2"
102,7224,2005-07-22,"HM","--- En 1984 Halmepuro décrit une RC entre le bouleau et divers aliments dont l’orange (Int AAI 74(84)235-40).
--- Chez 4 sujets professionnellement polliniques à l’oranger et TC+ orange (mais sans symptômes) les auteurs montrent que l’orange et la mandar"
103,7225,2005-07-22,"HM","--- Préparation d’un Mal d3 (P. pastoris). Les auteurs estiment que rMal d3 est utile au diagnostic moléculaire. Ils trouvent cependant des différences (inexpliquées) entre leur rMal d3 et nMal d3, tant en kD en SDS-PAGE (fig 1) qu’en IgE-réactivité (l’in"
104,7228,2005-07-22,"HM","--- Les auteurs ont étudié 135 enfants avec TC et TPO (dont 37 provenant d’une étude ALSPAC avec recrutement primaire + TC positif). Un TC arachide de 8 mm ou plus a une VPP de 94,4 % (sensib 25 %, likehood ratio 17, prévalence allergie 50 %, DA 41 %, age"
105,7229,2005-07-22,"HM","--- Un cas d'allergie au latex chez un adulte polyopéré (53 ans, Italie) avec TC + chat, graminées, candida. TC négatif pour banane, melon, pêche, etc… avec extraits, mais + en natif (prune; kiwi; abricot; pêche, pomme, tomate, papaye, mangue, chataigne, "
106,7234,2005-07-22,"HM","[autre article des mêmes auteurs sur Bla g 2 : à peu près les mêmes contenus (ici tests avec des mutants)]"
108,7237,2005-07-22,"HM","--- L'épitope T majeur de Bet v 1 est situé en 142-156 : il est reconnu chez 61 % des sujets. 
--- Différentes PR-10 sont capables de stimuler les cellules T spécifiques de cet épitope majeur. Au niveau de cet épitope, la similitude séquentielle est >= 6"
109,7241,2005-07-22,"HM","--- Caractérisation de Pru p1. Le % d’identité avec Bet v1 est de 59 %. Il est de 98 % avec Pru av 1. Chez 10 sujets espagnols réactifs à la pêche, aucun n’est positif pour rPru p 1 (ni r Bet v 1). Chez 19 sujets suisses positifs pour rPru av 1, rPru p1 e"
110,7242,2005-07-22,"HM","[sans intérêt]"
111,7243,2005-07-22,"HM","--- 2 cas d’all. resp. et alimentaire au lapin.
Les 2 sont TC négatifs pour LV, viandes bœuf, porc, poulet.
1 sujet est aussi allergique au chat.
Les 2 sont [dits TC négatifs chien mais la fig 3 semble montrer l’inverse. Les auteurs estiment qu’il pour"
112,7253,2005-07-26,"HM","--- Le galactomannane d'A. fumigatus est un polysaccharide de la paroi (ou secrété) avec un core de tétra-mannoses répétés + des chaînes galacto-furanosyl. Ce polysaccharide est un antigène dans l'aspergillome.
--- Les Aspergillus possèdent aussi des gal"
113,7261,2005-07-26,"HM","¤¤¤
La production de Bla g 1 (= la quantité dans les feces) est liée à l'ingestion alimentaire par les blattes (Bla g 1 est trouvé dans le midgut aussi). Un cycle de production de Bla g 1 est visible chez les femelles (elles jeûnent au moment de la repro"
114,7263,2005-07-26,"HM","[Comment in:  Arch Dis Child. 2005 Jun;90(6):555-6]"
115,7264,2005-08-05,"HM","[cf Figure en FT]"
116,7270,2005-08-06,"HM","--- Arabinogalactan proteins (AGPs) are macromolecular
glycoproteins, which occur in all higher plants. They
are assumed to play an important role in vegetative
growth, cellular development, and programmed cell
death and thus are presumably involved i"
118,7274,2005-08-15,"HM","--- Résultats de NHANES 3 (population US de 6 à 59 ans) [voir 7337 papier pour comparaison avec GA2LEN].
--- Il est trouvé aussi 8,6 % de TC+ arachide [A noter que dans 96 % de ces TC+ il y a aussi un autre TC+ indoor et /ou outdoor].
--- L’évolution de"
119,7280,2005-08-15,"HM","¤¤¤
La patatine est une lipid acid hydrolase"
120,7282,2005-08-15,"HM","¤¤¤
--- Les principales différences entre Api g1 et Bet v1 touchent la portion 23-45, notamment l’AA 45 qui est important dans la liaison IgE.
En examinant la surface externe d’Api g1, 3 patches d’AA conservés apparaissent qui pourraient être le support"
121,7283,2005-08-15,"HM","--- Au Japon les œufs de saumon sont listés comme à étiquetage recommandé. Les protéines des œufs de poissons sont classées comme Lipovitellines, phosvitines et ""beta-component"".
--- Les auteurs ont étudié les œufs de saumon (Onchorynchus keta de hareng "
122,7284,2005-08-15,"HM","¤¤¤
--- Le risque de maladie coeliaque du fait de l'introduction du blé est > chez des enfants < 3 mois que chez des enfants de 4-6 mois [Nb enfants étudiés = ? dans le résumé]."
125,7289,2005-08-22,"HM","--- 26HCW et 13SB avec allergie cliniquement prouvée pour le latex (USA). Les HCW ne sont positifs en ELISA que pour nHev b 2, rHev b 5, rHev b 6 (prohévéine) et nHev b 13. Mais pas pour r1, r3, n4, r7, r8, r9, r10 [Hev b 11 : pas testé].
Les SB sont + p"
126,7294,2005-08-22,"HM","IgE anti-M.-furfur antibodies are a good and specific marker for HNAD head and neck atopic dermatitis). IgE M. furfur levels are strongly correlated with the severity of the disease"
127,7295,2005-08-22,"HM","--- Avec le mûrissement, on assiste à une accumulation dans la banane de B1,3 glucanase, de lectine liant le mannose, de thaumatine-like (laquelle représente env 50% des protéines du fruit)
--- [L'alignement montre un % d'identité avec la thaumatine de b"
128,7303,2005-09-04,"HM","--- Dans un travail précédent, les auteurs avaient montré 2 bandes (30 et 42 kD) dans l’Indian jujube (Z. mauritiana) et une bande [unique ?] 42 kd dans le latex de sujets de patients. Latex et jujube inhibent ces bandes (Lee MF Int AAI 133(04)211).
--- "
129,7307,2005-09-04,"HM","--- On estime à 5-24 nm la distance entre 2 épitopes B pour le cross-linking. Il faut au moins 100 liaisons pour une dégranulation.
--- Le panel estime intéressant de tester 8AA ainsi que 35 % d’identité sur 80AA.
--- Sur les env. 150 épitopes linéaires"
130,7308,2005-09-04,"HM","--- Les auteurs ont testé en TC un extrait châtaigne chez 1738 sujets avec allergie respiratoire (Corée) : 3,2 % sont positifs.
--- L’extrait châtaigne est inhibé par un extrait de pollen du châtaignier (pool n = 9)
--- Les auteurs repèrent une bande im"
131,7309,2005-09-04,"HM","[correspond au poster EAACI = 7164]
[rien à en tirer car trop peu de patients testés avec recombinants]"
132,7312,2005-09-16,"HM","--- 5 cas d’allergie à la pêche (Tunisie).
* Adolescente 14 ans avec pollinose (graminées, cyprès), acariens (avec une réaction ""fruits de mer"" en cours d’IT). Anaphylaxie pêche (et aussi raisin) liée à l’effort. TC+ natifs.
* Infirmière 36 ans, allergi"
133,7314,2005-09-16,"HM","--- Pour Pauli: inhib d'un 21-25kD du frêne par la fléole [3282] [= Lol p11 aurait RC avec Fra e 1. Mais 1 seul patient et inhib partielle]
--- Fra e 3 serait env 9-10 kD [1425] mais [3282] trouve 8-9kD (Ab lapin anti-Aln g 4)
--- le 35kD du frêne pourr"
134,7315,2005-09-16,"HM","--- Horticulteurs et pépiniéristes sont susceptibles de réagir à de nombreux produits végétaux : tiges, bulbes, etc… pollens de tomates, fraisier, paprika, pyrèthre et en extérieurs colza, tournesol, betterave. Plantes elles-mêmes : ficus, gypsophile, etc"
135,7318,2005-09-16,"HM","--- La figure 1 montre des profils de différents laits (a = coloration des protéines ; b = glycoprotéines) [Hormis le 18 kD absent chez la femme, il n’y a pas de différences flagrantes entre vache, chêvre, brebis, jument ou chamelle. Moins de glycoprotéin"
136,7320,2005-09-16,"HM","¤¤¤
--- Préparation d'un recombinant de la portion C-terminale de l'omega-5-gliadine du blé et qui contient les 11 épitopes décelés par les auteurs dans cette gliadine."
137,7321,2005-09-16,"HM","--- Les auteurs ont testé en CAP different nuts chez des sujets avec ""allergie"" à l'arachide (n=8-12, enfants, Japon, pas de TPO, 5/12 avec anaphylaxie) et d'autres (n=6-9) avec CAP+ arachide mais sans allergie.
--- [la fig 1 permet de voir (mais quand m"
138,7325,2005-09-16,"HM","--- Les premières études concernant le pouvoir allergisant des blattes remontent à 1964. Aux US B.germanica est domestique tandix que P.americana est vu aussi dans les bâtiments publics et immeubles. P.americana préfère des températures chaudes et prédomi"
139,7332,2005-09-16,"HM","--- La fig 1 donne l’évolution cumulée et année par année des allergènes connus (jusque juillet 2005).
--- La table 1 donne les BDD d’allergènes
--- Le BIFS date de 1998 mais n’est pas mis à jour
--- L’Allergen Database non plus (elle contient quelques"
140,7336,2005-09-16,"HM","Une certaine proportion des sujets présentant une symptomatologie respiratoire s'avèrent être TC négatifs pour les aéroallergènes ""atopiques"" 'acariens, graminées, phanères, etc..). C'est la conclusion des auteurs au point âge=10 ans de leur cohorte de l'"
141,7337,2005-09-16,"HM","--- Résultats du GA2LEN Network quant aux prévalences de TC+ pour des aéroallergènes [sachant que tous n’ont pas été testés partout et que les extraits utilisés différaient entre pays].
--- [Voir 7337 papier pour les résultats. Les % de TC+ varient beauc"
142,7338,2005-09-16,"HM","--- La transfusion est capable d'induire une sensibilisation passive. Une étude avait relevé 12 % de donneurs à risque sur la base d'un questionnaire.
---  Les auteurs ont étudié 1002 Suédois (S) et 500 Norvégiens (N) : 14 CAP ont été testés. Globalement"
143,7340,2005-09-16,"HM","--- Les pousses de soja classique (Glycine max) ne sont pas consommées crues du fait de leur contenu en lectines et en inhibiteur trypsique affectant la digestion (Bowman-Birk). Les pousses de soja consommées en fait proviennent du pois mung (Vigna radiat"
144,7342,2005-09-16,"HM","--- Isolement de Cuc m2 (0,16 % des protéines du melon) qui a 98 % d’identité avec Pru p4, 84 % avec Hev b8, 75 % avec Che a2, 74 % avec Bet v2 et 71 % avec la profiline d’ambroisie (A.artemisiifolia).
--- Chez des sujets avec allergie au melon (histoire"
145,7343,2005-09-16,"HM","--- [Asero donne une classification très artificielle des allergènes alimentaires dans la fig 1 = cupines, prolamines, PR et structuraux/métaboliques]. 
--- Dans la fig 2, un algorithme décisionnel est proposé pour les réactions cliniques aux rosacées et"
146,7344,2005-09-16,"HM","--- Isolement de Pen b 26 (11 kD) : 76 % d’identité avec la P1 ribosomal protein d’Asp.fum., 73 % Neurospora crassa, 71 % Cla h 12, 67 % Alt a 12, 67 % Saccharomyces pombe.
--- Les protéines ribosomales sont retrouvées chez l’homme, d’où une possible aut"
147,7345,2005-09-16,"HM","--- Il arrive que la cuisson entraîne une augmentation de l’allergénicité, soit du fait d’une susceptibilité particulière (ex Kustner), soit par formations de néo-allergènes (Pascual CY Monogr Allergy 32(96)174).
--- Les auteurs ont développé un Ab de la"
148,7346,2005-09-25,"HM","[correspond à 8121]"
149,7347,2005-09-25,"HM","[voir aussi 7347 EAACI Position Paper]"
150,7348,2005-09-25,"HM","[EAACI Position Paper]"
151,7359,2005-09-26,"HM","--- Les parvalbumines sont présentes dans les muscles des vertébrés (en faible concentration dans le cas des vertébrés supérieurs). Elles joueraient un rôle dans la relaxation en tamponnant Ca2+.
--- Les parvalbumines sont très solubles dans l'eau [d'où "
152,7361,2005-09-26,"HM","¤¤¤
Etude cristallographique de rDer p1.
Les auteurs évoquent les différences de réactivité avec d’autres acariens et notent que beaucoup de changements d’AA par rapport à Der p1 se trouvent en surface de molécule."
153,7366,2005-10-04,"HM","--- Etude d'une cohorte d'adolescents (age moyen 14 ans) (Danemark) dans le cadre d'une étude transversale (pas de sélection a priori). Si les auteurs concluent à une prévalence d'allergie à l'arachide de 0,5% dans cette population, la fréquence de TC+ ar"
154,7370,2005-10-04,"HM","--- [Commentaires sur un autre article].
La composition des moisissures en protéines (allergènes, antigènes) change avec le milieu de culture."
156,7378,2005-10-10,"HM","[pas d'intérêt]"
157,7385,2005-10-13,"HM","¤¤¤
Etude sur un patient ayant été allergique au lait: son IgE-réactivité actuelle semble restreinte à des épitopes glucidiques de la kappa caséine de vache (elle disparaît après periodate).
[Bizarement], aucune réactivité avec les fromages de vache, ni"
158,7389,2005-10-13,"HM","--- Si les épitopes continus peuvent être rapprochés par des méthodes d’overlapping, les épitopes discontinus nécessitent d’autres techniques : cristallographie de complexes Ag-Ab, mutagénèse dirigée ou mimotopes. Ces derniers sont des peptides synthétiqu"
159,7391,2005-10-13,"HM","--- Les auteurs avaient montré que Jun a 1 possédait des glycanes de type Lewis a [6935]. Ici ils montrent que Cry j 1 aussi.[Seulement la proportion de Lewis a est différente:
Gn-Gn-XF: 75% dans Jun a 1 et 47% dans Cry j 1
Lewis a-Gn-XF: 23% et 38%
Le"
160,7392,2005-10-13,"HM","[bof]"
161,7393,2005-10-13,"HM","--- En Corée B.germanica prédomine (on trouve aussi P. am, P. fuliginosa et P. japonica).
--- Caractérisation d’une sérine protéase (trypsine) (35 kD) dans B.germ qui à % identité de 42-57 % avec Der f3, Der p3, Eur m3.
Cette serine-protéase a une origi"
162,7400,2005-10-15,"HM","--- Description d’un cas d’allergie au chou-fleur chez un adulte pollinique (graminées, platane, cyprès mais pas armoise) ayant des antécédents d’OAS (rosacées, melon, noix, arachide) (Espagne). Il est TC+ pour le chou-fleur, pour la LTP de pêche et de tr"
163,7401,2005-10-15,"HM","--- Gammarus est une crevette d’eau douce. Utilisée en aquaculture, par les aquariophiles (poissons, tortues) et en élevage de volailles.
--- On connaissait des cas d’allergie respiratoire, ici les auteurs rapportent 3 cas (dont 2 avec urticaire). TC+ Ga"
164,7404,2005-10-15,"HM","Prick tests carried out with the extract of the 16th day in 79 atopic individuals (from sugar cane area), 35 atopic individuals (from urban area) and 11 non- atopic individuals showed respective positivity of 29%, 9% and 0%"
165,7409,2005-10-21,"HM","--- Des peptides inhibiteurs de l’angioconvertase ont été décrits dans le lait, la gélatine, divers poissons, le maïs, le blé, le soja, le poulet, le porc,….
--- On peut obtenir des peptides ACE inhibiteurs par hydrolyse (thermdysine, alcalase, pepsine) "
166,7417,2005-10-21,"HM","--- Pourquoi les allergènes suscitent une réponse Th2 de la part des cellules dendritiques ? Les auteurs font l'hypothèse de motifs en surface des allergènes, à l'image des PAMP reconnus par des récepteurs comme les TLR.
---  Les auteurs ont utilisé diff"
167,7426,2005-11-02,"HM","--- Il est en général admis que la mTG n'entraine que des cross-links dans les aliments. Mais les preuves de cela sont limitées et des protéines déamidées ou conjugnées à des amines libres sont possibles. Le résultat doit être dépendant des aliments et de"
168,7435,2005-11-02,"HM","--- On connaît plus de 100 espèces de Penicillium.
--- Les auteurs ont étudié 14 penicilliums différents avec le sérum de 6 sujets TC+ et CAP+ (Canada). En blot, ils trouvent de grandes variations entre les espèces, le P.chrysogenum donnant [avec ces sér"
170,7443,2005-11-02,"HM","[voir tables en FT]
--- Les auteurs redémontrent l'antigénicité particulière d'un 33 mer issu d'alpha-2-gliadines et d'un 26 mer issu de gamma 5 gliadines.
---  En analysant le proteome du gluten, au moins 60 peptides différents montrent des caractérist"
171,7447,2005-11-02,"HM","--- L'ABPA est une entité qui peut survenir chez des sujets souffrant d'asthme ou de mucoviscidose (CF). On a utilisé Asp f 4 et Asp f 6 pour différencier ABPA et allergie à Aspergillus (Hemmann S JACI 104(99)601).
--- Les conidies en germant donnent des"
172,7448,2005-11-02,"HM","--- Cohorte de 23 sujets allergiques à l’orange [tous sauf le n°10 sont les mêmes que dans [7222]].
--- Les auteurs isolent la profiline Cit s2 (identité 73 % avec Bet v2 et 97 % avec Pru p4). En TC 18/23 sujets sont positifs pour Cit s2.
Chez 3 sujets,"
173,7450,2005-11-02,"HM","--- Clado, Peni et Asp sont très fréquents indoor.
--- Plus de 60 % de sujets sont IgE-réactifs aux alc/vac.serine protéases chez les asthmatiques sensibilisés aux moisissures.
--- Rhodotorula mucilaginosa est une levure très couramment présente dans l’"
174,7452,2005-11-04,"HM","--- On estime à 50 % les allergiques aux acariens parmi la population allergique.
--- Si l’on a décrit 19 allergènes différents dans D.ptero, il existe au moins 30 protéines IgE-réactives.
Der p1 et p2 sont les plus importants ; Der p5 et 7 sont reconnu"
175,7453,2005-11-04,"HM","--- Cor a 1 (pollen) et Bet v 1 sont cross-réactifs au niveau des épitopes T [126 et ref 9]. Cor a 1.04 (noisette) a 67 % d’identité avec Bet v1 et 60 % avec Cor a 1. Cor a 1.04 semble avoir plus d’homologie avec Bet v1 qu’avec Cor a 1 au niveau des épito"
177,7463,2005-12-01,"HM","¤¤¤
--- Sous l'action de la laccase et de la TG, c'est surtout la troponine T et la chaîne lourde de myosine qui sont affectées. [essais sur extraits de viande de poulet]."
178,7464,2005-12-01,"HM","--- Les transgénèses d’alpha-amylase inhibitor (AAI) de Phaseolus vulgaris dans le pois ou l’azuki bean confèrent une résistance vis à vis de charançons et coléoptères.
--- Les auteurs montrent que l’AAI de l’haricot subit une glycosylation modifiée dans"
179,7465,2005-12-01,"HM","--- [Ce travail voudrait démontrer qu'il est possible de localiser in silico des épitopes B en se basant sur 2 choses : les épitopes B décrits dans la littérature (et inclus dans SDAP) et un calcul de similitude avec ces épitopes en termes de ""physical-ch"
180,7467,2005-12-01,"HM","--- On a montré la présence d’équivalents des groupes 1,3,8,11 et 14 des acariens dans Sarcoptes.
Les GST sont ubiquitaires chez les eucaryotes et ont de multiples fonctions. On distingue 10 classes de GST (avec des lettres grecques), l’identité d’une cl"
181,7484,2005-12-01,"HM","--- [Travail financé par le FARRP et l’ILSI].
--- Travail sur des extraits de noisette et de pomme (dont la dégradation des PR-10 est prévenue par PVPP et diethyl-dithio-carbamate) : 1 h à 37 °C à pH2 avec 0,3 % w/v pepsine.
--- La réactivité (RAST mais"
182,7486,2005-12-01,"HM","--- Comparaison des profils 2D de réactivité de 35 sujets coeliaques et de 16 sujets allergiques au blé [20 enfants parmi les 35 CD, que des adultes parmi les allergiques au blé].
---  Les auteurs montrent des blots IgA pour CD et IgE pour allergie. En m"
183,7493,2005-12-01,"HM","--- Le kiwi gold (marque Zespri) a été introduit en NZ en 1977.
--- Chez 5 sujets avec TPODA+ kiwi green, les auteurs trouvent 4 fois un TPODA+ gold. (le TPODA négatif était aussi le seul TC négatif gold). Le gold inhibe le green en ELISA (pool n=5).
--"
184,7495,2005-12-01,"HM","--- Description d’une réaction sévère chez un enfant de 4 ans (Espagne) à l’ingestion d’un gland (Quercus ilex) [on suppose sans cuisson], suivie d’une réaction similaire quelques mois après avec une châtaigne [crue aussi = ?]. Pas d’allergie au latex ni "
185,7502,2005-12-05,"HM","--- Un cas de rhinite/asthme professionnel chez une femme de 40 ans (Espagne) à l’épluchage/tranchage des carottes (et ± du céleri). Elle présente aussi une allergie assez sévère avec la carotte crue mais tolère la carotte cuite (et les épices et le céler"
186,7505,2005-12-05,"HM","[= poster 7091]
--- Selon les pays et les climats, jusqu’à 30 % des sujets avec rhinite ou asthme ou DA peuvent être allergiques à une moisissure. La sensibilisation à Alternaria est retrouvée chez 66 % des sujets positifs pour une moisissure [5077]. Ung"
187,7506,2005-12-13,"HM","--- Entre 1 et 2 % des sujets asthmatiques et 7 à 9 % des sujets avec mucoviscidose développent des épisodes d’ABPA. En TC, la positivité à Aspergillus est de 20-25 % et 31-59 %.
--- Il est supposé que le passage à l’ABPA se fait sur un terrain favorable"
188,7510,2005-12-13,"HM","Les auteurs ont comparé la structure 3D de Der f 2 normal et de Der f 2 mal-refoldé volontairement : le variant mal refoldé présente un comportement Th1 contrairement au Der f 2 normal. [article ayant pour but de chercher un allergène optimum pour la dése"
189,7511,2005-12-29,"HM","Caractérisation de rAsp f 8, une P2 ribosomal protein qui a 62% d'identité avec 2 protéines homologues humaines.
Parmi des sujets sensibilisés à Aspergillus, rAsp f 8 est IgE+ chez 14/92 des ABPA et 6/75 des DA

Asp f 8 et autoimmunité:
The proliferat"
190,7512,2005-12-13,"HM","--- Etude de la réactivité clinique pour D.pter et B.trop.
Chez 42 sujets avec rhino-conj/asthme [… quasiment tous TC+ Dpter : 41 sur 42 sujets, alors que 55 % seulement de TC+ B.trop].
En tests conjonctivaux (n = 32) ou bronchiques (n = 15), tous les s"
191,7513,2005-12-29,"HM","--- Etude de Der p1 = % identité 29 % avec actinidine, 24 % avec papaïne.
Un site de N-glycosylation en 52-54 qui ne semble pas glycosylé (pas de liaison ave la concanavaline A). Chapman (J Immunol 125(80)587) avait trouvé une glycosylation (mannose et a"
192,7514,2005-12-13,"HM","--- Les auteurs ont étudié la cinétique et l'affinité de divers ligands pour un IgE – mAb (SPE7). Ils observent qu'au départ les différents ligands s'associent à l'anticorps avec une même affinité ; les ligands non spécifiques se dissocient à la suite d'u"
193,7515,2005-12-13,"HM","--- De nombreuses protéines (enzymes, anticorps) sont capables de promiscuité. Avec l'IgE-mAb SPE7 les auteurs montrent qu'il existe une forme de spécificité malgré la multiplicité des ligands. Ce n'est pas du à une interaction non-spécifique de type hydr"
194,7516,2005-12-13,"HM","--- La réactivité croisée provient-elle d’une diversité de conformations préalable ? ou d’une adaptation dynamique du paratope en fonction de son ligand (""induced-fit"") ?
Les auteurs montrent qu’un mAb IgE reconnaissant le DNP se présente sous la forme d"
195,7522,2005-12-13,"HM","--- Les auteurs ont inclus les TC de 2 graines (Brassica napus oleifera et B. rapa oleifera) dans leur work-up. Ils trouvent 11 % d’enfants TC+ à 1 ou 2 de ces extraits (n = 1887, Finlande), avec une corrélation = 0,69 entre les diamètres. Cette prévalenc"
196,7525,2005-12-13,"HM","[même article dans RFAIC n°1, 2006, p31-35 !!]
--- 1 cas d’all. resp. (rhinoconj + asthme) et allergie alimentaire au porc (viande et boudin noir). TC+ chat et chien. CAP+ pour albumines (chat, chien, porc, vache) et squames (chien, vache, cheval).  La p"
198,7532,2005-12-29,"HM","Mala s 10 = 86.1 kDa for HSP,  and Mala s 11 = 22.4 kDa for
MnSOD. Their IgE-binding frequencies were shown to be
69% and 75%, respectively, to 28 sera from AEDS
patients with serum IgE to M. sympodialis extract,

Mala s 10 a 42% d'identité avec l'HS"
199,7535,2005-12-19,"HM","--- Le rôle des parasites intestinaux dans l’allergie et l’asthme est controversé : parfois il est suggéré un effet protecteur, notamment avec S.mansoni (Brésil, Equateur, Afrique), parfois un risque plus élevé de wheezing/asthme est relevé (Ascaris lumbr"
200,7537,2005-12-19,"HM","--- Etude à Caracas de la sensibilisation à D.ptero et à Blomia tropicalis et kuligani (n = 204 enfants et adultes). [Peu de différences] en TC+ : D. ptero 93 %, B.trop. 91 % et B. kuligani 77 %. Aucun B. kuligani+ isolément. Mono-D.pter chez 9 % et mono-"
201,7539,2005-12-20,"HM","--- Divers travaux ont montré que des sujets allergiques à la morue pouvaient tolérer d’autres poissons [1244, 2185, 862] (Aas K Int Arch Allergy 30(96)257, Haydel R JACI 91(93)344).
--- Les auteurs ont recruté 12  patients allergiques au poisson (dont 7"
202,7541,2005-12-20,"HM","--- Les PR-10 alimentaires (pomme, céleri, noisette) ont des épitopes T croisant avec ceux de Bet v 1 [126, 888, 5207, 7237, 7453]. L'ingestion de ces aliments favorise l'activation des cellules T Bet v1 – spécifiques [6479].
---  Les auteurs montrent qu"
203,7542,2005-12-20,"HM","--- Un cas [très bizarre] de réaction cutanée localisée et reproductible après ingestion d'asperge. Les tests cutanés ne sont positifs qu'au niveau des zones érutives !"
204,7543,2005-12-22,"HM","--- En GB la prévalence d’allergie auf fruits à coque (enfants) est de 2 % et celle pour l’arachide 1,4 % (celle-ci a triplé en 4-6 ans).
--- Les auteurs rappellent qu’ils avaient trouvé 19 % de CAP négatifs fruits à coque chez des sujets pourtant allerg"
206,7547,2005-12-26,"HM","--- Les auteurs font un recombinant d’alpha tubuline de Tyroph. putrescentiae et le trouvent IgE+ che 29 % de sujets Tyroph+ (Séoul).
L’alpha tubuline a 97 % d’identité avec celle de Lepido, 95 % avec celle de drosophile, 94 % avec celle de Bombys mori. "
207,7548,2005-12-26,"HM","[Monsanto]
--- [Beaucoup de poncifs = séquence -> structure II -> structure III donc on peut se servir des comparaisons de séquence. Pas de RC si < 50 % d’identité et RC pas systématiques si > 70 %].
--- Les auteurs ont cherché à mesurer la probabilité "
208,7549,2005-12-26,"HM","--- Les auteurs avaient montré la présence de 65 spots IgE- réactifs dans le pollen de cynodon (Kao SH Proteomics 5(05)3805).
--- Un allergène de 46 kD, avec similitude avec une cytochrome c oxidase III du maïs a été noté (Wu W J Biomed Sci 8(01)342).
-"
209,7554,2005-12-30,"HM","--- Les auteurs isolent un allergène de 20 kD dans le kiwi. Cette protéine a 75 % d'identité avec Grip 22, une protéine ripening-related du raisin (Davies C Plant Physiol 122(00)803) et entre 40 et 69 % avec diverses séquences déduites du génome du riz. F"
210,7561,2005-12-26,"HM","¤¤¤
Les auteurs estiment entre 15 000 et 500 000 le nombre d'IgE/basophile."
211,7565,2005-12-29,"HM","--- [Correspond en partie au poster 8035 qui traite d’Act c2]
Le contenu en protéines varie avec la maturité des fruits. Cela peut poser problème pour les extraits s’ils ne correspondent pas aux conditions réalistes d’exposition.
--- Ici les auteurs mon"
212,7567,2005-12-29,"HM","[correspond à 6643 et voir à 7567 papier]"
213,7570,2005-12-29,"HM","--- Etude de 117 sujets (10-75 ans, Strasbourg), la plupart avec rhino-conj/asthme. Pollinose au bouleau (histoire, TC) chez 83. Poly-réactivité chez 102. Mono-réactivité bouleau chez 9 (soit 10,5 %).
--- Avec rBet v 1+ les auteurs trouvent VPP 92 % et V"
214,7571,2005-12-29,"HM","--- Description d'un cas d'allergie alimentaire à Penicillium camemberti (croùte de fromage) chez un enfant sans antécédents d'allergie aux moisissures (mais allergique aux acariens, chat, graminées). Il est TC+ pour Penicillium, Rhizopus et Stemphyllium "
215,7572,2005-12-29,"HM","--- Un cas d’allergie au lait chez un enfant (11 ans) avec allergie aux acariens. Dans un premier temps une urticaire généralisée après pizza (3 fromages). [Antécédents pour le lait = apparemment non]. TC natifs+ pour les fromages (LV, LC, LB). Une évicti"
216,7573,2005-12-29,"HM","--- Un cas d'allergie au fromage de vache sans allergie au fromage de brebis. La patiente a vu ses réactions cliniques débuter à l'âge de 38 ans (elle ne consommait ni lait ni yaourts depuis l'enfance). Pas d'allergie vis à vis des pneumallergènes (y comp"
217,7574,2005-12-29,"HM","--- Description d'un cas de réaction sévère liée à un [probable] isolat de blé [pas de TPO] chez une adulte sans ATCD. TC+ pour isolat mais négatif pour le blé et d'autres céréales. Le RAST DPC est négatif pour le blé mais en ELISA (Allerbio), il est trou"
218,7575,2005-12-29,"HM","--- La validité des extraits de corps totaux est discutée. Cela vaut pour les TC et le CAP. Les auteurs spécialisés (Peng et Simons ou Reunala) fabriquent eux des extraits de salive.
--- La désensibilisation a été tentée par quelques auteurs avec des con"
219,7577,2006-01-05,"HM","--- Bardor [5693] a montré qu'un % important de sujets non allergiques avait des IgG et des IgM anti-xylose et/ou anti-fucose 1,3
--- Si des Ab (polyclonaux) de lapin ont pu être préparés qui reconnaissent soit le X soit le F [5744, 1568], les mAb murins"
220,7580,2006-01-05,"HM","--- A partir d’extraits de gants de 3 fournisseurs (et 8 lots) les auteurs ont cherché quels étaient les allergènes les plus reconnus par 20 HCW (Taïwan) (TC+ et CAP+). 
En blot+ ESI/MS/MS ils trouvent Hev b1 (85 % des HCW), hévamine (55 %) et Hev b13 (1"
221,7582,2006-01-05,"HM","--- Mal d 1 a 55 % d'identité avec Bet v 1a.
Les isoformes de Mal d1 ont une IgE-réactivité similaire entre elles. La plus abondante est Mal d1.02 (= Mal d 1 b).
--- Les PR-10 ont tendance à former des dimères : ici Mal d1. (pour Api g1: [1344])
---  L"
222,7585,2006-01-05,"HM","--- Les germin-like sont des glycoprotéines ubiquitaires avec, entre autres, un rôle de défense. Parfois une activité oxalate oxydase ou SOD. Les germines font partie de la superfamille des cupines.
--- Cohorte de 29 sujets (26 polliniques), [La plus gra"
223,7591,2006-01-15,"HM","--- Altmann propose d’utiliser des glycopeptides conjugués à la BSA. L’HRP est chère et la broméline (en tant que telle) doit être inactivée et contient MUXF. La broméline, monovalente, n’est pas utilisable en histamino-libération. Pour avoir des glycopep"
225,7611,2006-01-16,"HM","--- Etude de prévalence de réactivité cutanée (TC stallergènes) dans un échantillon (n=537) du personnel du CHU de Montpellier. Si 197 sujets rapportent des symptomes liés au latex (gêne cutanée, rhinite,…), 38 (soit 7,1 % au total) sont trouvés TC+
--- "
226,7613,2006-01-16,"HM","--- Grote [3938] avait montré en microscopie électronique qu’un Ab anti-Phl p4 révélait aussi une protéine dans le céleri (tubercule).
Si env. 70-88 % des polliniques aux graminées sont IgE+ pour Phl p4, cet allergène contribue moins aux kU que Phl p1 et"
227,7616,2006-01-17,"HM","--- la kappa caséine de vache est sous des formes mono-, bi- ou tri-O-glycosylées"
228,7617,2006-01-17,"HM","¤¤¤
[vraiment pas grand chose dans le résumé !
Apparemment des sujets ""allergiques"" à la farine de blé sont ""sensiblisés"" à la broméline. Tout in vitro ? Inhibitions conduites ?]"
229,7619,2006-01-25,"HM","¤¤¤
Description d’un cas d’anaphylaxie due à Blomia freemani dans la farine de pancake chez un enfant TC+ D pter et D.far [allergie = ? dans le résumé]. (Taïwan)."
230,7624,2006-01-25,"HM","--- Les auteurs ont quantifié les différents glycanes présents sur les 8 sites de glycosylation d'Hev b 4.
Leurs résultats soulignent très bien plusieurs caractéristiques des chaînes glucidiques (table 2++):
1) les 8 sites sont glycosylés différemment l"
231,7625,2006-01-25,"HM","[bof]"
232,7626,2006-01-25,"HM","--- 24 HCW avec allergie prouvée pour le latex (Espagne). 16 d’entre eux sont vus après 6 mois d’immunothérapie au latex. (JACI 111(03)985) : en blot on voit une augmentation de la bande 22 kD (probablement la pro-hévéine). Des néo-bandes parfois mais fai"
234,7630,2006-01-31,"HM","--- Les auteurs sont partis d’Allergome (au 1/3/05) : ils ont trouvé 157 allergènes polliniques séquencés (ou partiellement). Ils ont appliqué une recherche avec Pfam et ont trouvé 29 familles (comparativement aux 2615 familles de protéines végétales dans"
235,7633,2006-01-31,"HM","--- On trouve dans la banane une lectine de type jacaline, une TLP, une BI,3 glucanase, une chitinase type 3 (Peumans WJ Plant Physiol 130(02)1063).
--- Dans CAZY, on trouve des Beta glucanases GH16 et GH17. L’enzyme de la banane est une GH17 et a la str"
236,7634,2006-01-31,"HM","-- Les auteurs ont étudié 1040 HCW en 1997-99 puis 92% d'entre eux en 2000-02 après conversion de l'hôpital aux gants poudrés.
-- Au départ, 21,8% des sujets rapportent des symptômes liés aux gants (surtout dermatologiques), mais 6% seulement sont TC+ la"
238,7638,2006-02-03,"HM","--- 4 groupes de sujets avec CF = 
* contrôles (pas d'IgE ni d'IgG anti-aspergillus), 
* sensibilisés (positifs pour rAsp f1 et/ou rAsp f3), 
* ABPA classiques (positifs aussi pour rAsp f4 et/ou rAsp f6 + 6 des 7 critères cliniques de Nelson), 
* ABPA"
239,7639,2006-02-03,"HM","--- 31 enfants (Espagne) dont 20 SB et 6 non-SB mais avec au moins 2 opérations (non SB2)
En CAP rHev b1 est positif chez 15 des 20 SB, 2 des 6 non-SB2 et aucun des autres [mais ces derniers sont en trop faible nombre pour tirer des conclusions solides]."
241,7645,2006-02-03,"HM","--- Les poissons ont 2 types de muscles : ceux pour une nage continue (dark muscle ou red muscle) situés sous la peau, et ceux pour de courtes accélérations (white muscle ou light muscle). Les poissons sont plus (thon, bonite) ou moins (morue, plie) actif"
242,7647,2006-02-03,"HM","A tight junction protein occludin of 16HBE14o- cells can be cleaved by
Pen ch 13
Pen ch 13 may contribute to asthma by damaging the barrier
formed by the airway epithelium and stimulating the release of mediators that
orchestrate local immune response"
243,7648,2006-02-03,"HM","[Aucun intérêt : questionnaires, minorité d'allergologues, âge moyen 38 ans -> 0,2% d'allergies alimentaires]"
244,7651,2006-02-03,"HM","[analyse dans Alim'Inter 2006, n°3, p149]"
245,7654,2006-02-15,"HM","[sans intérêt au vu du résumé et faible nombre d'observations]"
247,7664,2006-02-15,"HM","--- Description d’un cas d’anaphylaxie à le grenade chez un sujet poly-pollinique (21 ans, Espagne). Il est TC+ natif grenade et TC+ commercial pêche, pomme, riz ainsi que noisette et arachide (auxquels il réagit cliniquement aussi).
--- En blot les aute"
248,7680,2006-02-25,"HM","--- Les auteurs ont isolé les 2S albumines (10-14 kD) des graines de colza (B. napus ol.) et navette (B. rapa ol.) qu’ils trouvent ELISA+ chez env. 80 % des enfants (cohorte de 72, âge moyen 3,3 ans, Finlande, DA 100 %).
En TC (n = 6) tous les enfants so"
249,7686,2006-02-25,"HM","--- Dans un travail antérieur, les auteurs avaient trouvé peu ou pas de RC entre melon et d’autres cucurbitacées (concombre, cantaloup, pastèque) (ref 11).
--- Les auteurs ont étudié 17 adultes (Iran) avec allergie au melon (TC+).
Ces sujets ont surtout"
250,7689,2006-02-25,"HM","¤¤¤
Proteolytic antigens present in HDM, German cockroach and american cockroach activate the p44/42 MAPKs airway epithelial cells, which lead to elevated IL-8 production and initiation of the inflammatory cascade."
251,7696,2006-02-25,"HM","--- Blatta orientalis se rencontre, en fait, en Europe. Periplaneta americana et futiginosa sont ubiquitaires. P. japonica est vu dans des régions à climat froid et en Corée. Blatella germanica est distribué partout.
--- Les blattes provoquent souvent un"
252,7697,2006-02-25,"HM","Famille de fungi avec Alternaria, Ulocladium, Stemphyllium, Curvularia = Pléosporacés.
Avec un Ab anti-Alt a 1 les auteurs confirment la présence d'une RC dans les fungi Pléosporacés mais pas avec Cladosporium, Penicillium ou Aspergillus"
253,7703,2006-03-22,"HM","--- Etude de la réactivité croisée entre B.tropicalis et B.kuligani (n = 25, Colombie, mais n = ? dans le pool pour les inhibitions). Les auteurs montrent une corrélation (r = 0,90) entre diamètres de TC, entre kU (r = 0,96) et une totale inhibition récip"
254,7704,2006-03-22,"HM","--- Description d’un cas d’allergie à la chérimole (2 autres cas décrits [4426, 1987]) chez une femme non-HCW (Espagne) avec allergie à la banane, puis latex, kiwi  et châtaigne.
TC+ chérimole, avocat, banane, châtaigne, Hev b 6.02 et Pers a 1. Le test B"
255,7709,2006-03-22,"HM","--- un cas d'allergie à des conserves homemade de tomates additionnées d'un préservant contenant de l'aspirine … auquel le patient est allergique (Turquie)"
256,7711,2006-03-22,"HM","[pas d'intérêt: le diagnostic d'allergie au latex a été posé par questionnaire + CAP]"
258,7720,2006-03-22,"HM","--- Isolement d’Hev b 7.02 (qui ne diffère de l’allergène de Sowka que d’1 AA).
En CAP, rHev b 7.02 (E.coli) est positif chez 28 % de 60 HCW allergiques au latex (Allemagne + Portugal), chez 33 % de 15 spina (Portugal) mais chez aucun des 10 polyopérés n"
259,7721,2006-03-22,"HM","--- Les auteurs ont testé l’allergénicité potentielle d’une moutarde (B.juncea) exprimant une choline oxydase d’Arthrobacter globiformis. Cette enzyme confère une résistance à des stress abiotiques (notamment le froid [ ? ? en Inde]). Elle a été testée au"
260,7723,2006-03-28,"HM","--- Der f 1 a un site de glycosylation. Der p 1 aussi (+ un autre site dans la pro-séquence). Les auteurs montrent que la présence d'un glycane (tant sur la protéine que sur sa pro-séquence) ralentit la maturation de Der p 1 et Der f 1.
Les auteurs citen"
261,7730,2006-03-29,"HM","--- Contrairement aux acariens, une exposition forte aux allergènes de chat modifie la réponse Th2 et supprime l’allergie.
--- Les auteurs ont étudié 42 étudiants afin de connaître l’effet d’une suppression du contact avec leur(s) chat(s). Ils observent "
262,7731,2006-03-29,"HM","--- Les auteurs isolent Per a 2, l’homologue de Bla g 2.
--- Les aspartate protéases incluent la pepsine, la cathépsine, la chymosine. Bla g 2 est inactif.
Similitude [ou identité ?] entre Bla g 2 et Per a 2 = 44 %."
263,7732,2006-03-29,"HM","--- L’étude ECRHS1 a montré une réactivité de 9 % en CAP et 6,1 % en TC pour D ptero à Reykjavik. Pourtant l’exposition aux acariens y est extrêmement rare.
Les auteurs ont étudié des sujets TC+ acariens = ils trouvent un CAP+ pour Lepidoglyplus chez 67 "
264,7733,2006-03-29,"HM","--- Isolement d’une protéine 20 kD (avec activité sérine protéase) dans B.germ. Cette protéine s’avère négative in vitro chez 14 sujets allergiques à B.germ.
[La méthode d’isolement : chromato d’affinité avec STKI. D’autres ""sérine protéases"" sont ainsi "
265,7734,2006-03-29,"HM","--- Dans ce travail [considérable] les auteurs ont préparé 15 His-tagged recombinants de tropomyosines, qu’ils ont testé chez 181 atopiques (Singapour) : % IgE-réactivité observées : 40 % pour Der p10 et Der f10, 28 % pour Blo t10, 23 à 29 % pour les autr"
267,7737,2006-03-29,"HM","---[rien à en tirer, car si des courbes d'inhibition semblent montrer un comportement plus proche entre HRP et AO que pour la broméline (qui inhibe moins bien) (Fig 4) … il n'est pas dit qu'est-ce qui était inhibé (arachide ? Un pollen ?) !!]"
268,7738,2006-03-29,"HM","--- Les auteurs avaient testé différents allergènes de B.germanica chez des sujets asthmatiques : rBla g2 était positif chez 54 % , rBla g5 chez 37 %. Mais 36 % étaient négatifs pour Bla g1, g2, g4 et g5.
--- les auteurs isolent Bla g6 (3 isoformes) qui "
269,7741,2006-03-29,"HM","--- Les auteurs ont cloné Art v2 (16 kD). Ils trouvent Art v2 TC+ chez 52 % des armoises+ (29 % avec une concentration d’extrait plus faible).
--- Art v2 présente une identité de 42-55 % avec diverses PR-1 (tomate, p de T, colza, blé, riz) et 41 % avec V"
270,7742,2006-03-29,"HM","--- Api m2 est glycosylé en 263, mais le recombinant dans Baculovirus est glycosylé sur l’autre site potentiel (en 115).
--- Les auteurs montrent que Ves v 2 possède 3 sites de glycosylation. Deux d’entre eux sont occupés de façon variable, contribuant à"
271,7743,2006-03-29,"HM","--- % identité entre Der f5 et Blo t 5 = 36-44 % (il existe 2 paralogues de chaque)

Inhibé par : Blo t 5.01  Blo t 5.02  Der f 5.01  Der f 5.02
Blo t 5.01          X            3                 2               3
Blo t 5.02          0            X   "
272,7744,2006-03-29,"HM","¤¤¤

Pen b 26 was identified as 60 S ribosomal P1 protein and a minor allergen of Penicillium brevicompactum
It was found that about 25% of the atopic patients had antibodies against Pen b 26"
273,7745,2006-03-29,"HM","--- Etude de 9 sujets sous SLIT rush pour le latex. Des réactions cliniques sont notées (n=4 sujets). [contrairement à l’avis des auteurs, la réactivité à rHev b 5, rHev b 6.01 ou rHev b 6.02 ne peut pas prédire l’occurrence de ces réactions]."
274,7746,2006-03-29,"HM","--- Chez 105 sujets latex +, les auteurs trouvent 65 n Hev b 2+. Parmi ces 65, 42 sont symptomatiques (la proportion d’allergiques est < chez ceux n Hev b 2 négatifs). Parmi ces 42, 20 voient leur réactivité annulée par le périodate, 11 diminuée et 11 inc"
275,7747,2006-03-29,"HM","[publié plus tard = 8269]
--- La prévalence moyenne de positivité pour les allergènes du latex est = 82 % pour Hev b 1 (4 études), 60 % b 2(8), 79 % b 3 (4), 45 % b 4 (4), 64 % b 5 (6), 68 % b 6 (8), 31 % b 7 (8 ?), 15 % b 8 (4), 9 % b 9 (2), 16 % b 10 ("
276,7748,2006-03-29,"HM","--- Comparaison du chip de VBC - Genomics avec le CAP sur 121 sujets (5 ont été exclus car IgE > 1000). Comparativement au diagnostic clinique (histoire + TC), le chip et le CAP donnent des courbes ROC équivalents pour le bouleau, les graminées et le chat"
277,7749,2006-03-29,"HM","Xolair (Omalizumab). Les auteurs notent que le Xolair induit une chute du résultat des IgE totales de 65 % sur le Centaur, de 52 % sur l’Immulite et de 4 % sur l’uniCAP. Des résultats un peu différents sont notés sur les IgE-Spé = pour un excès molaire de"
278,7752,2006-03-29,"HM","4 épitopes en surface de Jun a 1. [Diverses figures 3D sont montrées, dont des épitopes conformationnels trouvés par phage display, mais il est très difficile de comprendre les localisations.]"
279,7754,2006-03-29,"HM","--- Etude de sujets inner city à Baltimore avec asthme (n = 34), rhinite (n =24) ou pas d’all. resp. (n = 21). Des réactivités indoor variées sont trouvées, notamment chez asthmatiques > rhinitiques (chat, acariens, souris, blattes). Néanmoins près de 30 "
280,7755,2006-03-29,"HM","[cf aussi notes Art 7754]
Etude 57 brésiliens avec asthme et/ou rhinite due aux blattes. Des TC sont effectués : positivité de 5,3 % pour rPer a 1, 42,1% pour rPer a 7, 7% pour rBla g 2, 5,3% pour r Bla g 4 et 7 % pour r Bla g 5. En ELISA il est trouvé 9"
281,7757,2006-03-29,"HM","--- 194 sujets (14-72 ans, Madrid) avec des allergies alimentaires aux aliments crus. Pollinose chez 73 %, sensibilisation au latex 13 %. Ces 194 sujets totalisent 346 réactions (principalement : melon, pêche, kiwi). La gravité varie ± selon les aliments "
282,7758,2006-03-29,"HM","Etude portant sur 1498 sujets issus de 4 régions d’Espagne. Un extrait de pulpe et de peau de tomate [NB = un stade passe par une dialyse à 3,5 kD qui peut augurer que des protéines jusqu’à 5 kD sont perdues].
En TC les auteurs trouvent 5,8 % de + avec l"
283,7759,2006-03-29,"HM","[cf aussi notes art 7758]
--- Lyc e 2 est l’allergène le plus abondant dans la peau : Lyc e 2 > LTP > profiline >> PG 2 A dans la peau. Et pratiquement que du Lyc e 2 dans la pulpe. Pas de polygalacturonase A2 trouvée dans la pulpe. 
--- 22 sujets avec "
284,7760,2006-03-29,"HM","[correspond au travail présenté à Munich = 7055]
Essai de gene silencing pour la tomate : la transformation ne marche pas pour Lyc e 1 (profiline) car la plante ne se développe pas normalement. Des résultats acceptables pour Lyc e 3 (LTP). En TC [extrait"
285,7761,2006-03-29,"HM","[idem article 8009]
---------------------------------------------------------------------
--- L’armoise est incriminée par certains auteurs comme étant responsable d’un syndrome « armoise-moutarde ». Dans d’autres cas, le lien entre la pollinose à l’arm"
286,7762,2006-03-29,"HM","Sujets espagnols avec sensibilisation (histoire + TC et/ou CAP) pour pêche et/ou noisette.
Chez 3 sujets positifs pêche et noisette, les auteurs montrent que Pru p 3 inhibe Cor a 8 mais que le contraire n’a ± pas lieu (1 seul sujet inhibe au max à 60 % P"
287,7767,2006-03-29,"HM","--- Les auteurs ont mesuré la présence de deux allergènes d’acariens dans le sang de cordon (n=126 nouveaux-nés, Singapour). Ils observent des taux de Blo t 5 très supérieurs à ceux de Der p 1 (jusqu'à 101 ng/ml vs <9,6). Plus intéressant, ils notent que "
288,7770,2006-03-29,"HM","--- Les auteurs ont testé des extraits de gants en latex provenant de 2 fabricants (Portugal). Ni Hev b 1, ni Hev b 3 n’était détectés dans l’extrait de la face interne des gants. Ces allergènes étaient détectables dans l’extrait de la face externe. Hev b"
289,7775,2006-03-29,"HM","--- [Petite étude] de prévalence de TC+ alimentaires chez des sujets polliniques (n = 22, Barcelone, âge moyen 29 ans). Les auteurs estiment que l’armoise et le platane sont associés à une réactivité pour les ""tree nuts"" et les céréales, tandis que les gr"
290,7776,2006-03-29,"HM","--- Les auteurs ont étudié en blot la réactivité à diverses graines chez 3 sujets avec une allergie à l’amande et 1 avec histoire = ? [ !].
--- Ils trouvent des bandes multiples [et les annoncent comme cross-réactives : mais pas d’inhibition tentée].
--"
291,7778,2006-03-29,"HM","--- Etude de 103 sujets [âge ?] divisés en 4 groupes = TPO+ arachide, polliniques aux graminées ou non, non allergiques à l’arachide [TC négatif, pas de TPO], polliniques aux graminées ou non.
--- [Pas de résultats pour les IgE anti-CCD chez les allergiq"
292,7786,2006-03-29,"HM","--- Etude en blot de la réactivité à diverses légumineuses chez des sujets allergiques à l’arachide (n = 7) ou au soja (n = 1). Des bandes similaires sont ? trouvés [mais cela ne prouve pas une RC].
--- En général le roasting entraîne l’apparition de HMW"
293,7790,2006-03-29,"HM","--- 157 enfants (1 à 16 ans, moy 2 ans) ont été testés en TPODA œuf (jaune cuit puis blanc cuit, puis blanc cru [… sur 5 jours !]). 100 ont un TPODA +.
La VPP pour une valeur optimale (selon ROC) est 87 % pour TC 6 mm blanc d’œuf, 90 % pour CAP blanc d’œ"
294,7791,2006-03-29,"HM","--- Etude de 23 sujets avec allergie LV (anaphylaxie ou TPODA). Les auteurs déterminent les valeurs seuil 100 % VPP pour CAP caséine (4 kU/1), alpha LA (3 kU/1) et beta LG (2 kU) chez ces sujets (contre un nombre égal de témoins). Ils notent que si un seu"
295,7792,2006-03-29,"HM","--- Les auteurs ont cherché à caractériser la parvalbumine dans des extraits [crus] de différents poissons = carpe, catfish, morue, flounder [plie ? flet ?], mahi mahi, orange roughy, sole, tilapia, flétan, saumon, espadon (swordfish), thon. 
Avec un mAb"
296,7793,2006-03-29,"HM","--- Les auteurs (Italie) ont cherché à contrôler la présence de caséine dans 32 aliments classiquement consommés par des enfants, dont la présence de caséine n’était pas spécifiée (n = 26) ou était déniée (n = 6). Des taux détectables (< 2 mg/kg) de caséi"
297,7794,2006-03-29,"HM","--- Comparaison de la réactivité vis à vis de la LTP de noix (Jug r 3) chez 14 Italiens (allergiques aussi à la pêche) et 34 Américains avec allergie sévère à la noix. Les Italiens sont + pour Jug r 3 mais seul 1/34 américains l’est. Ces derniers diffèren"
298,7795,2006-03-29,"HM","--- Act c1 (green) semble absent du gold kiwi (Bublin 2004). Le hardy kiwi (A. arguta) est introduit aux US.
--- Les auteurs ont testé en blot les 3 sortes de kiwi. [Leurs résultats posent problème : des bandes 23 et 13 kD sont dues à des artefact et l’a"
299,7796,2006-03-29,"HM","[mêmes sujets que poster n° 161 = art 7791]. Une VPP de 94,7 % est obtenue à 10 kU/l pour le LV. La VPP devient 100 % à partir de 11 kU.
------------------------------------------
--- Deux posters sont présentés par cette équipe Brésilienne (celui-ci et"
300,7797,2006-03-29,"HM","--- Un cas d’œdème de Quincke chez une femme pollinique (graminées, olivier, cyprès) de 50 ans (Espagne) avec groseille rouge (fraîche) et cassis (confiture), de même qu’avec pêche et nectarine (mais pas pomme, poire, prune ni framboise). TC+ pour ces fru"
301,7798,2006-03-29,"HM","--- En Alaska, on pêche traditionnellement la baleine (bowhead whale, Balaena mysticetus) et le phoque (bearded seal, Erignathus barbatus).
--- Un cas d’allergie à la baleine et au phoque chez un enfant Eskimo (atopique + DA) (4,5 ans). TC+ pour les 2. "
302,7799,2006-03-29,"HM","--- Les auteurs ont étudié 56 patients (âge moyen 19 ans) [probablement Espagnols] avec une suspicion d’allergie à l’orange.
[sont exploitables 39 cas, car 16 cas allergie clinique non prouvée et 1 cas d’anaphylaxie induite par l’effort].
Les allergique"
303,7800,2006-03-29,"HM","--- [Sampson] 4 cas d’allergie LC et LB sans allergie LV (4 à 10 ans). TPO fait chez 1. En CAP le LV est + chez 2 (1,2 et 1,3 kU contre des valeurs >> pour LC et LB).
--- [En blot, peu de différences entre lait et fromage, sauf une bande 55 kD présente d"
304,7801,2006-03-29,"HM","[cf aussi art 7800]
--- 2 cas d’allergie au fromage de brebis (2 ans) et fromage de ? (10 ans) sans allergie LV (même ancienne). TC + LB, LC et négatif LV. Avec les caséines : réponse LV+ mais > pour LB et LC. Idem en CAP = LB et LC++ mais caséine LV fai"
305,7804,2006-03-29,"HM","--- Valeur des TC et CAP pour le suivi de l’allergie au LV.
Etude de 180 enfants avec CAP LV < 2,5 kU [âge médian 17 mois sur la population globale] avec TPOSA (positif chez 45 %). Les courbes ROC étant très mauvaises, les auteurs divisent en < 1 an et >"
306,7805,2006-03-29,"HM","--- Etude de 12 sujets (Espagne) allergiques à la châtaigne [TC+ mais pas de TPO] mais pas au latex. Les réactions sont sévères chez 3 (dont 2 avec exercice) et systématiques chez 3.
--- En blot (pool) il est trouvé clairement une réactivité pour Cas s8,"
307,7806,2006-03-29,"HM","--- Etude d’un cas (Barcelone) d’anaphylaxie à l’artichaut chez un sujet de 16 ans polysensibilisé (indoor + olivier, cyprès, graminées, pariétaire, plantain).
TC+ artichaut (cuit aussi), divers fruits à coque, Pru p 3, Par j1 et Par j2. In vitro = Par j"
308,7808,2006-03-29,"HM","--- Der p 1 et Act c 1 sont des cystéine protéases papain-like : seulement 30,6 % d’identité. En surface, 18,7 % d’identité, surtout dans la proximité du site actif.
--- Les auteurs ont étudié 16 sujets allergiques au kiwi [Autriche ?] [diagnostic = ?] e"
309,7809,2006-03-29,"HM","--- % identité par rapport à Mal d 2 = Pru av 2  73 %, Act c 2 35 % et TLP de raisin 42 %.
--- 39 % de sujets allergiques à la pomme (n = 46, Autriche) reconnaissent Mal d 2. En fait la ½ de ceux ci sont réactifs à des CCD MUXF. Chez les autres [6/9 sont"
310,7810,2006-03-29,"HM","--- Le jus de la pomme de cajou est une source importante de vitamine C. Parmi 28 sujets allergiques à la noix de cajou, 10 smt IgE+ à ce jus. Le jus filtré à un seuil de 5 kD perd son IgE-réactivité."
311,7814,2006-03-29,"HM","--- Un cas d’allergie à l’espadon (ou makaire) (Blue marlin, Makaira nigricans) chez un sujet allergique au thon (TC+ y compris en boîte) mais tolérant les autres poissons (TC- morue, saumon, maquereau] (Japon). 
--- La réactivité croisée entre thon (Thu"
312,7816,2006-03-29,"HM","--- Chez 5 sujets avec allergie aux crustacés, avec rhinite persistante (n = 3) ou sans (n = 2), les auteurs trouvent un CAP D.ptero positif (1,3 à 16 kU avec rhinite, 0,7 et 0,9 kU sans).
--- En CAP-inhibition = les crustacés croisent mutuellement (crab"
313,7821,2006-03-29,"HM","--- La prévalence d’ABPA parmi les asthmatiques avec sensibilisation Aspergillus est de 6 à 28 %. Les extraits Asp. sont peu reproductibles.
--- Les auteurs ont testé différents CAP recombinants chez 65 sujets asthmatiques TC+Asp. Le diagnostic d’ABPA a "
314,7827,2006-03-29,"HM","--- La découverte d’une N-glycosylation chez les procaryotes est récente (1999, Campylobacter jejuni). Auparavant on avait montré une O-glycosylation sur des flagelles de bactéries. La chaîne N glycosylée de C.jejuni est formée de Glucose-5 N Acetyl galac"
315,7834,2006-03-29,"HM","[pas clair: les auteurs disent d'un côté que les ultrasons de haute intensité (appliqués 1:2 à 3h) diminuent la réactivité ELISA pour le crevette, et d'un autre côté que la réactivité de l'allergène extrait de la crevette (tropo ?) est >, ainsi que de nou"
316,7837,2006-03-29,"HM","--- Les méthodes ELISA utilisent fréquemment la PAL issue d’intestin de veau. Aussi utilisées : HRP et beta-galactosidase.
--- En étudiant la réactivité pour le chat de sujets CAP+ chat, les auteurs révèlent et caractérisent 2 nouveaux allergène : l’IgA "
317,7841,2006-03-29,"HM","Isolement de la cyclophiline Asp f 27

Chez des ABPA ou des DA: % positivité IgE de 50-75% pour Asp f 11 et Asp f 27; pour Mala s 6 env 30%"
318,7842,2006-03-29,"HM","--- Etude de réactivité croisée entre D.ptero et Anisakis simplex chez un enfant allergique aux acariens (histoire, TC, etc…) et aussi TC+ Anisakis (mais pas de problèmes avec le poisson) (Italie).
Les auteurs montrent une inhibition en blot de D.pter (3"
319,7848,2006-03-29,"HM","--- Les cyclophilines sont données comme chaperones, nucléases, mRNA splicing helpers, chemo-attractants pour des cellules immunitaires. Ce sont aussi des ligands intracellulaires de la cyclosporine A. Chez les plantes ce sont des protéines de stress. Fon"
320,7861,2006-03-31,"HM","[=poster 7092]
--- P ovale est classé comme une levure
--- Chez des sujets TC+ Cladosporium et/ou Alternaria (n = 36, Finlande) les auteurs montrent en ELISA 42% de sujets positifs pour P. ovale [en fait les sujets sont ELISA+ surtout pour Cladosporium]"
321,7867,2006-04-12,"HM","--- Les auteurs avaient cru montrer un 43 kD, siège de CCD dans Vespula, comme identique à la hyaluronidase Ves v 2 [5674].
En fait il s'agit d'une isoforme Ves v 2b qui n'a que 58% d'identité avec le Ves v 2 déjà décrit (= donc Ves v 2a)
On trouve des "
322,7876,2006-04-16,"HM","--- Cet article passe en revue les causes toxiques des réactions aux produits de la mer.
Le syndrome scromboïde est celui qui pourrait ressembler à une allergie cliniquement. Il est du à la transformation de l’histidine du poisson en histamine sous l’act"
323,7878,2006-04-26,"HM","Etude en TC des %+ à divers fungi selon caractéristiques cliniques : [parfois les nb de sujets dans un groupe sont faibles, et des TC n'ont pas été effectué avec certains fungi chez tous les patients !.Pour les 3 groupes avec le + de patients on a]:
Derm"
324,7880,2006-04-26,"HM","--- Un cas de rhinite/asthme au décours de l'utilisation de vers de farine (larves de Tenebrio molitor) pour la pêche à la ligne (15 ans, Belgique). Le patient n'est pas atopique (notamment TC néd pour D ptero). En CAP 750 kU [!]. Un TC natif et un test r"
325,7883,2006-04-26,"HM","--- ""Le problème majeur pour le clinicien est celui de la non-signification clinique des réactions croisées mises en évidence in vitre et in vivo"".
--- Entre 34 et 70 % des polliniques bouleau ont des réactions à des aliments végétaux.
--- En France, on"
326,7893,2006-05-05,"HM","--- 23 enfants avec 0 à 7 chirurgies mais pas de spina. L’allergie clinique est confirmée par test conjonctival et/ou port de gant. 10 enfants sont atopiques dont 5 avec pollinose.
--- Une association latex-fruits (avocat, kiwi, châtaigne) (TC+ ou CAP+) "
327,7895,2006-05-05,"HM","[correspond au poster 7748]"
328,7901,2006-05-07,"HM","--- A partir d’une étude [peu documentée : téléphone]. Les auteurs en concluent que l’introduction des céréales après l’âge de 6 mois ne protège pas d’une allergie au blé."
329,7902,2006-05-05,"HM","--- Un cas d’allergie (OAS) à la coquille SJ chez une enfant de 14 ans ayant déjà eu des réactions à divers crustacés et mollusques. [Les auteurs relient la réaction à CSJ à l’exercice, mais ne disent pas que la CSJ est tolérée sans exercice].
Les TC et "
330,7905,2006-05-05,"HM","Caractérisation de Cla h 8 qui est une NADP-dependent mannitol dehydrogénase.
Pas glycosylé
% positivité 58% chez sujets Clado+"
331,7917,2006-05-13,"HM","--- Un cas d’allergie à la salade chez une femme de 60 ans avec TC+ oléacées, cupressacées, bétulacées (France). Les TC natifs sont surtout positifs pour le persil et la ciboulette, la laitue (3 mm) et la mâche (4 mm) donnant des résultats plus faibles. C"
332,7922,2006-05-06,"HM","--- Dans les régions tropicales et sub-tropicales Periplaneta americana prédomine (TaÏwan, Brésil, Singapour, Malaisie).
--- La GST Der p8 a 27 % d’identité avec Bla g5 et 33 % avec la GST de Schistosoma japonicum (Sj26).
--- nDer p8 montre un polymorph"
333,7925,2006-05-06,"HM","--- Les allergènes des groupes 1 et 2 des acariens proviennent de gènes uniques mais présentent de fréquentes variations alléliques. Ces changements d’AA influent sur la réactivité IgE mais aussi sur les réponses T. Par exemple rDer p 2.0101, bien que trè"
334,7928,2006-05-06,"HM","--- Etude portant sur la LTP de fraise. Une cohorte [très hétérogène] de 20 espagnols et 8 italiens avec histoire d’allergie à la fraise. [Mais rFra a 3 n’a été testé que chez 1 italien !].
--- rFra a 3 et positif chez 4/16 espagnols = 25 %. Les symptôme"
335,7938,2006-05-13,"HM","--- [Cet article faisant revue présente des résultats obtenus (par les auteurs ?) ave un Ab anti-Mal d 1 : blueberry et raspberry ne répondent pas tandis que la fraise et blackberry donnent un doublet env 17 kD. En blot (2 patients avec bouleau-pomme prés"
337,7941,2006-05-13,"HM","[notes su place:
41 cas d' ""anaphylaxie"" aux crustacés (29 Quincke, 18 urt généralisées, ..).
TC commercial positif chez 19/38 contre 38/38 pour un TC natif (NB: TC natif+ chez 1/50 non allergiques aux crustacés)
IgE spé+ chez 16/20]
--- Conclusion de"
338,7942,2006-05-13,"HM","Etude de 35 polliniques aux graminées (adultes, Alsace). Technique ELISA (seuil à 0,1)
Monoréactifs : seulement 6% (et tous rPhl p 1+)
Avec les 8 allergènes testés, 75% des patients sont réactifs à 4 allergènes ou plus.
Réactivité [~ vu sur le graphe]:"
339,7943,2006-05-13,"HM","--- [Dans cette étude qui est au moins en partie identique à celle de 7094, les auteurs semblent indiquer que le MALDI-TOF des 43 spots fait suite à une révélation en blot : donc ces spots seraient des allergènes ?]. Ils citent une béta-galactosidase, une"
340,7947,2006-05-13,"HM","[pb: utilisation d'un mAb] [publié dans: 7972]"
341,7950,2006-05-13,"HM","--- Etude chez 20 sujets (5-65 ans, Strasbourg) de la réactivité à l'albumine [de chat et/ou?? de chien: pas net] chez des sujets positifs en TC et in vitro pour le chat et le chien: 6 sujets/20 sont albumine+
Selon les auteurs ces 30% ne représentent pa"
343,7960,2006-05-16,"HM","¤¤¤
Extracts  of  Dermatophagoides pteronissinus and Lepidoglyphus destructor have been shown to cause epithelial cell desquamation in a protease-dependent way. The result of the desquamation may be that allergenic compounds penetrate deep into the airwa"
344,7963,2006-05-16,"HM","¤¤¤
House dust mites induce an innate immune activation partially dependent on TLR2, TLR4, and TLR9 and almost completely dependent on signaling through MyD88, an intracellular docking protein required for signaling through most TLRs.
Daily lowdose intr"
345,7967,2006-05-16,"HM","¤¤¤
TLR2 microbial ligands have the capacity to inhibit TH2 cytokine production
by mononuclear cells stimulated with mite allergen.
TLR2 is the receptor involved in the recognition of lipoproteins and lipoteichoic acid (LTA) from Grampositive bacteria."
346,7972,2006-05-26,"HM","[voir 7947]"
347,7976,2006-05-26,"HM","¤¤¤
Les auteurs ont purifié nFra e 1. Ils ne trouvent pas de différence en réactivité (in vitro et ex vivo) avec rFra e 1 (P. pastoris).
nFra e 1 apparaît comme un mélange de 5 variants avec des glycosylations différentes.
nFra e 1 a un épitope glucidi"
348,7979,2006-05-26,"HM","[cf. poster 8363: même travail]
Etude protant sur 33 sujets avec sensib aux moisiss (31 clado, 7 asperg,   15 alternaria) dont 11 étaient des asthmatiques sous IT Alternaria.
Prévalences:
- parmi les 31 Alternaria+ 22 sont TC+ natif Agaricus bisporus
"
349,7980,2006-05-26,"HM","--- 3 enfants et 2 adultes (Portugal et/ou Espagne) avec allergie au pouce-pied (Pollicipes pollicipes). Diagnostic posé sur l’histoire (ici réactions systémiques) et TC+ natif avec extrait cuit (15 min 75°).
--- Des TC natifs sont fait aussi avec des ex"
350,7981,2006-05-26,"HM","--- Etude de prévalence (n = 47 sujets TC+ D.ptero avec rhinite et/ou asthme). En ELISA 57 % sont positifs Der p1 et p2, 6 % Der p1 seulement, 9 % Der p2 seulement et 28 % ni l’un ni l’autre (ces derniers ont tendance à avoir des TC plus petits)."
351,7985,2006-05-30,"HM","[rien de bien spécial, hormis quelques remarques concernant les différences en blot selon reducing ou non-reducing]"
352,7987,2006-05-30,"HM","--- Un cas d’allergie assez sévère au cœur de palmier frais (chamaerops humilis croît dans le sud de l’Espagne) chez un homme de 25 ans avec polysensibilisation respiratoire. Le patient tolère le cœur de palmier en conserve (origine amérique centrale ou d"
353,7989,2006-05-30,"HM","--- On utilise depuis plus de 20 ans des anticorps anti-HRP pour détecter dans les protéines des xylose et/ou des fucose 1,3.
--- Api g5 possède des MUXF et des MMXF.
--- Le glycome des nématodes est plus complexe que celui des insectes (bien qu’avec un"
354,7990,2006-05-30,"HM","[= 7864 ?!!]"
355,7993,2006-06-04,"HM","--- Parmi 9 patients sous IT pollen de bouleau (2 à 3 ans), de nouvelles réactivités (CAP) sont vues chez 3: 3 fois Bet v 2, une fois Bet v 4 et une fois Bet v 6 [les niveaux doivent être faibles car ils n'apparaissent pas dans la fig 2]. Parmi les 4 poll"
357,8000,2006-06-06,"HM","--- En Europe centrale et du nord Lepidoglyphus prédomine sur Tyrophagus  et Acarus. 
De nombreuses études en secteur agricole ont montré que la prolifération des acariens est favorisée par 25-30 °C et 80 % d’humidité. Une réactivité aux acariens de stoc"
